product_id,category,price,rating,description
1,Sports,0.781944528859985,0.07500000000000001,"Achieve your best with our high-performance and professional-grade Sports. It's durable and comfortable, perfect for lightweight performance."
2,Beauty,0.925322636196033,0.925,"Our Beauty features premium quality ingredients and luxurious results. It's hypoallergenic and natural ingredients, ensuring a long-lasting glow."
3,Books,0.9484795072833728,0.7,"Our Books offers a must-read experience with engaging insights. It's bestselling and informative, ideal for any reader."
4,Sports,0.5059259709475475,0.95,"This Sports is professional-grade and durable, designed for lightweight activities. It's high-performance and comfortable, ideal for any sports enthusiast."
5,Books,0.15002329868919548,0.275,"Our Books offers a must-read experience with informative insights. It's bestselling and classic, ideal for any reader."
6,Clothing,0.5248485585202294,0.525,"Our Clothing is trendy and breathable, perfect for versatile wear. It's comfortable and stylish, making it a staple in any wardrobe."
7,Books,0.6223586377357726,0.725,"Dive into this Books with our bestselling and classic read. It's must-read and informative, a engaging addition to any collection."
8,Clothing,0.11997811949188597,0.07500000000000001,"Our Clothing is trendy and comfortable, perfect for breathable wear. It's stylish and versatile, making it a staple in any wardrobe."
9,Clothing,0.2397333819566847,0.2,"Our Clothing is versatile and stylish, perfect for trendy wear. It's comfortable and breathable, making it a staple in any wardrobe."
10,Clothing,0.38335460604955535,0.42500000000000004,"This Clothing combines versatile style with stylish comfort. It's comfortable and trendy, suitable for all occasions."
11,Home,0.009825968921574587,0.7,"Our Home is cozy and elegant, designed for durable use. It's modern and functional, adding a touch of elegance to your home."
12,Home,0.434530683360684,0.65,"Our Home is functional and modern, designed for elegant use. It's cozy and durable, adding a touch of elegance to your home."
13,Clothing,0.08778540894264472,0.725,"Our Clothing is comfortable and trendy, perfect for stylish wear. It's versatile and breathable, making it a staple in any wardrobe."
14,Beauty,0.9112218643003303,0.32499999999999996,"Our Beauty features luxurious ingredients and natural ingredients results. It's hypoallergenic and long-lasting, ensuring a premium quality glow."
15,Home,0.43590834498267794,0.42500000000000004,"Enhance your living space with our elegant and durable Home. It's cozy and functional, perfect for any home."
16,Beauty,0.45977430661074986,0.275,"Experience luxurious and premium quality care with our Beauty. It's hypoallergenic and long-lasting, perfect for a natural ingredients routine."
17,Books,0.8164265888693044,0.4,"Our Books offers a informative experience with bestselling insights. It's classic and must-read, ideal for any reader."
18,Electronics,0.0,0.575,"This Electronics item features user-friendly design and latest technology functionality. It's high-performance and durable, perfect for everyday use."
19,Clothing,0.4136226422739521,0.675,"This Clothing combines trendy style with versatile comfort. It's breathable and stylish, suitable for all occasions."
20,Electronics,0.11910695111327216,0.25,"This Electronics item features compact design and high-performance functionality. It's user-friendly and latest technology, perfect for everyday use."
21,Sports,0.949776129986426,0.525,"This Sports is comfortable and lightweight, designed for durable activities. It's professional-grade and high-performance, ideal for any sports enthusiast."
22,Clothing,0.6043882574606455,0.04999999999999999,"This Clothing combines trendy style with versatile comfort. It's stylish and breathable, suitable for all occasions."
23,Beauty,0.16382017463887033,0.875,"Experience luxurious and long-lasting care with our Beauty. It's hypoallergenic and natural ingredients, perfect for a premium quality routine."
24,Books,0.1059989059745943,0.675,"Dive into this Books with our engaging and informative read. It's must-read and bestselling, a classic addition to any collection."
25,Books,0.37843149172390045,0.55,"Dive into this Books with our classic and must-read read. It's informative and bestselling, a engaging addition to any collection."
26,Electronics,0.1945136651877064,0.375,"Experience the user-friendly of our Electronics with this high-performance product. It's durable and latest technology, ensuring high performance."
27,Books,0.6860147085637878,0.32499999999999996,"Dive into this Books with our must-read and engaging read. It's classic and bestselling, a informative addition to any collection."
28,Books,0.7652302518284405,0.6,"Dive into this Books with our classic and engaging read. It's informative and bestselling, a must-read addition to any collection."
29,Sports,0.6596568001782855,0.025000000000000022,"Achieve your best with our durable and comfortable Sports. It's professional-grade and lightweight, perfect for high-performance performance."
30,Home,0.7592738912862902,0.9750000000000001,"Enhance your living space with our functional and modern Home. It's elegant and cozy, perfect for any home."
31,Clothing,0.9124577078141778,0.07500000000000001,"This Clothing combines breathable style with stylish comfort. It's comfortable and trendy, suitable for all occasions."
32,Sports,0.1002248830000608,0.7,"This Sports is comfortable and high-performance, designed for lightweight activities. It's professional-grade and durable, ideal for any sports enthusiast."
33,Clothing,0.31599100467999763,0.125,"Our Clothing is trendy and breathable, perfect for comfortable wear. It's versatile and stylish, making it a staple in any wardrobe."
34,Books,0.27851050466986776,0.375,"Our Books offers a bestselling experience with classic insights. It's engaging and must-read, ideal for any reader."
35,Books,0.8821694118600458,0.375,"Our Books offers a informative experience with must-read insights. It's engaging and bestselling, ideal for any reader."
36,Books,0.06258230515204928,0.15000000000000002,"Our Books offers a classic experience with informative insights. It's bestselling and must-read, ideal for any reader."
37,Electronics,0.1918191211329241,0.125,"Experience the compact of our Electronics with this user-friendly product. It's high-performance and latest technology, ensuring high performance."
38,Beauty,0.8557709840150732,0.55,"Experience luxurious and hypoallergenic care with our Beauty. It's natural ingredients and premium quality, perfect for a long-lasting routine."
39,Electronics,0.11971474300532833,0.07500000000000001,"This Electronics item features latest technology design and durable functionality. It's compact and user-friendly, perfect for everyday use."
40,Clothing,0.17066796328936976,0.275,"This Clothing combines breathable style with trendy comfort. It's versatile and stylish, suitable for all occasions."
41,Electronics,0.9340545797119065,0.65,"Experience the high-performance of our Electronics with this latest technology product. It's compact and durable, ensuring high performance."
42,Books,0.8253408699527949,0.175,"Our Books offers a classic experience with informative insights. It's bestselling and engaging, ideal for any reader."
43,Home,0.44603820985028064,0.8500000000000001,"Enhance your living space with our durable and elegant Home. It's functional and cozy, perfect for any home."
44,Beauty,0.12972304949451974,0.8999999999999999,"Our Beauty features long-lasting ingredients and luxurious results. It's premium quality and natural ingredients, ensuring a hypoallergenic glow."
45,Sports,0.23870013574018925,0.30000000000000004,"This Sports is high-performance and comfortable, designed for durable activities. It's lightweight and professional-grade, ideal for any sports enthusiast."
46,Home,0.6033752709738852,0.95,"Enhance your living space with our elegant and durable Home. It's cozy and modern, perfect for any home."
47,Home,0.7759476488583642,0.22499999999999998,"Our Home is functional and cozy, designed for modern use. It's durable and elegant, adding a touch of elegance to your home."
48,Home,0.38517798172572376,0.925,"Enhance your living space with our elegant and cozy Home. It's modern and durable, perfect for any home."
49,Electronics,0.13270122976559492,0.22499999999999998,"This Electronics item features high-performance design and durable functionality. It's user-friendly and latest technology, perfect for everyday use."
50,Home,0.29394841872809413,0.875,"Enhance your living space with our elegant and functional Home. It's durable and modern, perfect for any home."
51,Books,0.014485706760671813,0.025000000000000022,"Our Books offers a must-read experience with informative insights. It's engaging and classic, ideal for any reader."
52,Electronics,0.6212443526003363,0.55,"This Electronics item features durable design and high-performance functionality. It's user-friendly and latest technology, perfect for everyday use."
53,Clothing,0.8934743410522904,0.125,"Our Clothing is breathable and comfortable, perfect for trendy wear. It's stylish and versatile, making it a staple in any wardrobe."
54,Beauty,0.024412974330922425,0.675,"Experience natural ingredients and hypoallergenic care with our Beauty. It's long-lasting and premium quality, perfect for a luxurious routine."
55,Home,0.8908203164569785,0.8,"Enhance your living space with our cozy and durable Home. It's modern and functional, perfect for any home."
56,Home,0.3990558965943395,0.9750000000000001,"Our Home is cozy and functional, designed for elegant use. It's modern and durable, adding a touch of elegance to your home."
57,Sports,0.5937113798901923,0.75,"Achieve your best with our high-performance and professional-grade Sports. It's comfortable and lightweight, perfect for durable performance."
58,Sports,0.11959318462691709,0.7749999999999999,"Achieve your best with our lightweight and high-performance Sports. It's comfortable and professional-grade, perfect for durable performance."
59,Home,0.3071172430559776,0.175,"Our Home is elegant and cozy, designed for functional use. It's durable and modern, adding a touch of elegance to your home."
60,Electronics,0.14181810814643733,0.875,"Experience the durable of our Electronics with this user-friendly product. It's compact and high-performance, ensuring high performance."
61,Home,0.11256305840880083,0.42500000000000004,"Our Home is cozy and functional, designed for modern use. It's durable and elegant, adding a touch of elegance to your home."
62,Clothing,0.7161814461395085,0.6,"This Clothing combines stylish style with breathable comfort. It's trendy and comfortable, suitable for all occasions."
63,Home,0.7069227496505197,0.025000000000000022,"Our Home is functional and cozy, designed for modern use. It's durable and elegant, adding a touch of elegance to your home."
64,Books,0.1968232743775198,0.8999999999999999,"Our Books offers a informative experience with engaging insights. It's classic and bestselling, ideal for any reader."
65,Home,0.48631455256386885,0.75,"Our Home is elegant and functional, designed for modern use. It's durable and cozy, adding a touch of elegance to your home."
66,Books,0.638100447740027,0.15000000000000002,"Dive into this Books with our engaging and informative read. It's must-read and bestselling, a classic addition to any collection."
67,Books,0.13873862922668612,0.8500000000000001,"Dive into this Books with our informative and engaging read. It's bestselling and must-read, a classic addition to any collection."
68,Beauty,0.6590287485564942,0.275,"Our Beauty features hypoallergenic ingredients and natural ingredients results. It's premium quality and long-lasting, ensuring a luxurious glow."
69,Electronics,0.40440446524443363,0.44999999999999996,"Experience the high-performance of our Electronics with this compact product. It's durable and latest technology, ensuring high performance."
70,Sports,0.6589679693672886,0.625,"This Sports is comfortable and durable, designed for high-performance activities. It's lightweight and professional-grade, ideal for any sports enthusiast."
71,Electronics,0.6571243339613849,0.42500000000000004,"Experience the compact of our Electronics with this latest technology product. It's high-performance and durable, ensuring high performance."
72,Beauty,0.328268400899532,0.025000000000000022,"Our Beauty features luxurious ingredients and premium quality results. It's hypoallergenic and natural ingredients, ensuring a long-lasting glow."
73,Electronics,0.6994671691079641,0.375,"Experience the latest technology of our Electronics with this compact product. It's durable and user-friendly, ensuring high performance."
74,Beauty,0.982151178103284,0.95,"Our Beauty features premium quality ingredients and natural ingredients results. It's hypoallergenic and long-lasting, ensuring a luxurious glow."
75,Electronics,0.059198930286269984,0.8999999999999999,"This Electronics item features compact design and user-friendly functionality. It's high-performance and durable, perfect for everyday use."
76,Electronics,0.4002512206487166,0.2,"This Electronics item features compact design and high-performance functionality. It's user-friendly and latest technology, perfect for everyday use."
77,Clothing,0.35495046496079746,0.6,"This Clothing combines trendy style with stylish comfort. It's versatile and comfortable, suitable for all occasions."
78,Sports,0.8656779918555886,0.04999999999999999,"This Sports is comfortable and durable, designed for lightweight activities. It's professional-grade and high-performance, ideal for any sports enthusiast."
79,Home,0.2837172552118155,0.525,"Our Home is durable and cozy, designed for modern use. It's functional and elegant, adding a touch of elegance to your home."
80,Electronics,0.7101643064081524,0.30000000000000004,"Experience the compact of our Electronics with this high-performance product. It's latest technology and durable, ensuring high performance."
81,Books,0.5707976255596751,0.44999999999999996,"Dive into this Books with our must-read and informative read. It's engaging and classic, a bestselling addition to any collection."
82,Books,0.3063676330557751,0.04999999999999999,"Our Books offers a bestselling experience with must-read insights. It's engaging and classic, ideal for any reader."
83,Clothing,0.7305050750622987,0.175,"Our Clothing is versatile and comfortable, perfect for stylish wear. It's trendy and breathable, making it a staple in any wardrobe."
84,Books,0.49516805445815354,0.75,"Dive into this Books with our engaging and classic read. It's informative and bestselling, a must-read addition to any collection."
85,Clothing,0.2490933770943496,0.175,"Our Clothing is stylish and comfortable, perfect for trendy wear. It's versatile and breathable, making it a staple in any wardrobe."
86,Books,0.08107943840029175,0.15000000000000002,"Our Books offers a bestselling experience with must-read insights. It's classic and engaging, ideal for any reader."
87,Electronics,0.6639721226118843,0.475,"This Electronics item features user-friendly design and latest technology functionality. It's durable and high-performance, perfect for everyday use."
88,Home,0.07619684353410726,0.7749999999999999,"Our Home is cozy and durable, designed for functional use. It's modern and elegant, adding a touch of elegance to your home."
89,Beauty,0.9469802872829677,0.7749999999999999,"Experience hypoallergenic and luxurious care with our Beauty. It's natural ingredients and long-lasting, perfect for a premium quality routine."
90,Sports,0.22125650843817746,0.275,"This Sports is high-performance and comfortable, designed for professional-grade activities. It's lightweight and durable, ideal for any sports enthusiast."
91,Electronics,0.81006503373245,0.525,"Experience the high-performance of our Electronics with this durable product. It's compact and latest technology, ensuring high performance."
92,Home,0.4745233898579793,0.32499999999999996,"Our Home is cozy and elegant, designed for functional use. It's modern and durable, adding a touch of elegance to your home."
93,Electronics,0.4539800239064811,0.0,"Experience the compact of our Electronics with this latest technology product. It's user-friendly and durable, ensuring high performance."
94,Electronics,0.9107356307866853,0.32499999999999996,"This Electronics item features user-friendly design and compact functionality. It's latest technology and high-performance, perfect for everyday use."
95,Electronics,0.6600214753135193,0.025000000000000022,"Experience the latest technology of our Electronics with this user-friendly product. It's high-performance and compact, ensuring high performance."
96,Sports,0.475475597155534,0.22499999999999998,"This Sports is comfortable and durable, designed for high-performance activities. It's lightweight and professional-grade, ideal for any sports enthusiast."
97,Books,0.46236755201685614,0.07500000000000001,"Dive into this Books with our must-read and informative read. It's bestselling and engaging, a classic addition to any collection."
98,Sports,0.8332826840089953,1.0,"Achieve your best with our comfortable and high-performance Sports. It's professional-grade and durable, perfect for lightweight performance."
99,Home,0.07986385461617942,0.4,"Enhance your living space with our cozy and modern Home. It's durable and functional, perfect for any home."
100,Electronics,0.10152150570311393,0.0,"Experience the durable of our Electronics with this compact product. It's high-performance and user-friendly, ensuring high performance."
101,Books,0.7863408902125245,0.275,"Dive into this Books with our informative and must-read read. It's engaging and bestselling, a classic addition to any collection."
102,Electronics,0.0717397029923621,0.875,"Experience the user-friendly of our Electronics with this high-performance product. It's latest technology and durable, ensuring high performance."
103,Books,0.5059664904070179,0.7749999999999999,"Dive into this Books with our bestselling and informative read. It's classic and engaging, a must-read addition to any collection."
104,Sports,0.14655888490447538,0.2,"This Sports is comfortable and professional-grade, designed for lightweight activities. It's durable and high-performance, ideal for any sports enthusiast."
105,Sports,0.11272513624668247,0.04999999999999999,"This Sports is durable and professional-grade, designed for high-performance activities. It's lightweight and comfortable, ideal for any sports enthusiast."
106,Electronics,0.31659879657205375,0.04999999999999999,"This Electronics item features user-friendly design and durable functionality. It's high-performance and latest technology, perfect for everyday use."
107,Home,0.5841285277254401,0.30000000000000004,"Enhance your living space with our functional and cozy Home. It's elegant and durable, perfect for any home."
108,Books,0.9635527462063656,0.625,"Dive into this Books with our classic and engaging read. It's informative and bestselling, a must-read addition to any collection."
109,Electronics,0.13655057841528395,0.32499999999999996,"Experience the compact of our Electronics with this durable product. It's user-friendly and high-performance, ensuring high performance."
110,Books,0.004740776758038048,0.42500000000000004,"Our Books offers a must-read experience with classic insights. It's engaging and bestselling, ideal for any reader."
111,Electronics,0.506959217164043,0.475,"Experience the user-friendly of our Electronics with this high-performance product. It's durable and compact, ensuring high performance."
112,Home,0.847667092120991,0.575,"Our Home is modern and cozy, designed for functional use. It's durable and elegant, adding a touch of elegance to your home."
113,Books,0.4764075447233534,0.75,"Our Books offers a must-read experience with informative insights. It's classic and engaging, ideal for any reader."
114,Home,0.6589882290970238,0.575,"Our Home is durable and modern, designed for functional use. It's cozy and elegant, adding a touch of elegance to your home."
115,Books,0.3430985230657023,0.55,"Our Books offers a informative experience with engaging insights. It's must-read and bestselling, ideal for any reader."
116,Sports,0.9153548491663122,0.44999999999999996,"This Sports is lightweight and comfortable, designed for durable activities. It's high-performance and professional-grade, ideal for any sports enthusiast."
117,Books,0.2313458538463097,0.7,"Our Books offers a classic experience with informative insights. It's must-read and engaging, ideal for any reader."
118,Sports,0.5012864928381855,0.42500000000000004,"Achieve your best with our lightweight and professional-grade Sports. It's comfortable and high-performance, perfect for durable performance."
119,Electronics,0.33862112279422196,0.675,"This Electronics item features high-performance design and latest technology functionality. It's compact and user-friendly, perfect for everyday use."
120,Beauty,0.15101602544622056,0.275,"Experience natural ingredients and hypoallergenic care with our Beauty. It's luxurious and premium quality, perfect for a long-lasting routine."
121,Sports,0.739925849389169,0.675,"Achieve your best with our durable and lightweight Sports. It's high-performance and comfortable, perfect for professional-grade performance."
122,Home,0.9512348305273607,0.65,"Enhance your living space with our functional and durable Home. It's elegant and modern, perfect for any home."
123,Sports,0.052330881906035374,0.575,"This Sports is lightweight and durable, designed for high-performance activities. It's professional-grade and comfortable, ideal for any sports enthusiast."
124,Electronics,0.3733057801008935,0.375,"This Electronics item features high-performance design and durable functionality. It's user-friendly and latest technology, perfect for everyday use."
125,Clothing,0.11708097813975163,0.275,"Our Clothing is trendy and stylish, perfect for breathable wear. It's versatile and comfortable, making it a staple in any wardrobe."
126,Books,0.10346643975769364,0.875,"Our Books offers a classic experience with bestselling insights. It's informative and must-read, ideal for any reader."
127,Clothing,0.4122652403816933,0.125,"This Clothing combines breathable style with comfortable comfort. It's versatile and trendy, suitable for all occasions."
128,Beauty,0.7856317996717923,0.04999999999999999,"Our Beauty features natural ingredients ingredients and premium quality results. It's hypoallergenic and long-lasting, ensuring a luxurious glow."
129,Sports,0.48621325391519277,0.625,"Achieve your best with our comfortable and lightweight Sports. It's durable and professional-grade, perfect for high-performance performance."
130,Sports,0.5937518993496627,0.175,"This Sports is comfortable and professional-grade, designed for lightweight activities. It's durable and high-performance, ideal for any sports enthusiast."
131,Sports,0.7705788204785348,0.525,"This Sports is durable and comfortable, designed for lightweight activities. It's high-performance and professional-grade, ideal for any sports enthusiast."
132,Books,0.9504649607974229,0.8,"Our Books offers a bestselling experience with classic insights. It's informative and engaging, ideal for any reader."
133,Clothing,0.04854231244555198,0.8999999999999999,"Our Clothing is stylish and comfortable, perfect for breathable wear. It's trendy and versatile, making it a staple in any wardrobe."
134,Clothing,0.05654490569095808,1.0,"Our Clothing is trendy and stylish, perfect for comfortable wear. It's breathable and versatile, making it a staple in any wardrobe."
135,Clothing,0.011730383516683889,0.8500000000000001,"Our Clothing is trendy and versatile, perfect for stylish wear. It's comfortable and breathable, making it a staple in any wardrobe."
136,Home,0.053141271095443594,0.8,"Enhance your living space with our modern and elegant Home. It's durable and cozy, perfect for any home."
137,Home,0.6719544561275553,0.7749999999999999,"Enhance your living space with our functional and durable Home. It's cozy and elegant, perfect for any home."
138,Books,0.7568022042585952,0.15000000000000002,"Our Books offers a bestselling experience with must-read insights. It's classic and informative, ideal for any reader."
139,Home,0.1401365505784153,0.55,"Enhance your living space with our modern and functional Home. It's cozy and durable, perfect for any home."
140,Beauty,0.4843088393200835,0.44999999999999996,"Our Beauty features natural ingredients ingredients and long-lasting results. It's luxurious and premium quality, ensuring a hypoallergenic glow."
141,Books,0.655645373690715,0.7,"Our Books offers a classic experience with engaging insights. It's must-read and bestselling, ideal for any reader."
142,Sports,0.17919730950789117,0.825,"This Sports is high-performance and durable, designed for lightweight activities. It's professional-grade and comfortable, ideal for any sports enthusiast."
143,Clothing,0.7560525942583926,0.625,"Our Clothing is trendy and comfortable, perfect for versatile wear. It's breathable and stylish, making it a staple in any wardrobe."
144,Clothing,0.05326282947385482,0.275,"Our Clothing is comfortable and stylish, perfect for versatile wear. It's breathable and trendy, making it a staple in any wardrobe."
145,Books,0.8884904475374299,0.09999999999999998,"Our Books offers a must-read experience with engaging insights. It's informative and classic, ideal for any reader."
146,Sports,0.9441439251200389,0.65,"Achieve your best with our durable and lightweight Sports. It's professional-grade and high-performance, perfect for comfortable performance."
147,Sports,0.7007232723515469,0.7,"This Sports is comfortable and lightweight, designed for high-performance activities. It's durable and professional-grade, ideal for any sports enthusiast."
148,Clothing,0.5824874896168885,0.6,"This Clothing combines comfortable style with trendy comfort. It's versatile and breathable, suitable for all occasions."
149,Clothing,0.9428067829575154,0.65,"This Clothing combines versatile style with trendy comfort. It's breathable and comfortable, suitable for all occasions."
150,Home,0.1837760084280476,0.95,"Our Home is cozy and durable, designed for functional use. It's elegant and modern, adding a touch of elegance to your home."
151,Clothing,0.17532770112846696,0.5,"Our Clothing is breathable and versatile, perfect for comfortable wear. It's trendy and stylish, making it a staple in any wardrobe."
152,Sports,0.02637816811523734,0.125,"Achieve your best with our high-performance and lightweight Sports. It's professional-grade and comfortable, perfect for durable performance."
153,Clothing,0.07319840353329687,0.8,"Our Clothing is stylish and versatile, perfect for breathable wear. It's comfortable and trendy, making it a staple in any wardrobe."
154,Sports,0.9252415972770923,0.30000000000000004,"Achieve your best with our professional-grade and high-performance Sports. It's lightweight and comfortable, perfect for durable performance."
155,Beauty,0.9813002694544055,0.42500000000000004,"Experience luxurious and long-lasting care with our Beauty. It's hypoallergenic and natural ingredients, perfect for a premium quality routine."
156,Home,0.021596871897728888,0.525,"Enhance your living space with our cozy and functional Home. It's modern and elegant, perfect for any home."
157,Sports,0.017585445410158232,0.8,"This Sports is professional-grade and durable, designed for lightweight activities. It's comfortable and high-performance, ideal for any sports enthusiast."
158,Beauty,0.0036264916226017557,0.15000000000000002,"Our Beauty features luxurious ingredients and hypoallergenic results. It's premium quality and long-lasting, ensuring a natural ingredients glow."
159,Beauty,0.17627990842602162,0.04999999999999999,"Our Beauty features premium quality ingredients and long-lasting results. It's natural ingredients and luxurious, ensuring a hypoallergenic glow."
160,Books,0.07319840353329687,0.525,"Our Books offers a bestselling experience with informative insights. It's must-read and engaging, ideal for any reader."
161,Electronics,0.6554630361230981,0.175,"This Electronics item features high-performance design and latest technology functionality. It's durable and compact, perfect for everyday use."
162,Electronics,0.8979517413237706,0.9750000000000001,"This Electronics item features high-performance design and durable functionality. It's compact and user-friendly, perfect for everyday use."
163,Clothing,0.07127372920845236,0.07500000000000001,"This Clothing combines stylish style with trendy comfort. It's versatile and breathable, suitable for all occasions."
164,Home,0.547802832310217,0.65,"Enhance your living space with our elegant and durable Home. It's modern and cozy, perfect for any home."
165,Electronics,0.08304463218460667,0.8,"This Electronics item features user-friendly design and compact functionality. It's high-performance and latest technology, perfect for everyday use."
166,Books,0.48868494094288784,0.5,"Dive into this Books with our classic and bestselling read. It's must-read and informative, a engaging addition to any collection."
167,Electronics,0.9771875443181588,0.925,"Experience the compact of our Electronics with this latest technology product. It's high-performance and durable, ensuring high performance."
168,Electronics,0.05364776433882373,0.42500000000000004,"This Electronics item features compact design and latest technology functionality. It's durable and high-performance, perfect for everyday use."
169,Beauty,0.33983670657833426,0.22499999999999998,"Experience luxurious and premium quality care with our Beauty. It's long-lasting and hypoallergenic, perfect for a natural ingredients routine."
170,Home,0.21637391357199295,0.675,"Our Home is cozy and elegant, designed for functional use. It's modern and durable, adding a touch of elegance to your home."
171,Sports,0.3020523106221763,0.95,"This Sports is high-performance and durable, designed for professional-grade activities. It's lightweight and comfortable, ideal for any sports enthusiast."
172,Clothing,0.16766952328855936,0.8999999999999999,"Our Clothing is trendy and comfortable, perfect for versatile wear. It's breathable and stylish, making it a staple in any wardrobe."
173,Home,0.7519196093924106,0.275,"Our Home is modern and elegant, designed for cozy use. It's functional and durable, adding a touch of elegance to your home."
174,Electronics,0.2969265989991694,0.125,"Experience the durable of our Electronics with this user-friendly product. It's latest technology and high-performance, ensuring high performance."
175,Electronics,0.20134119410847062,0.15000000000000002,"This Electronics item features latest technology design and durable functionality. It's high-performance and compact, perfect for everyday use."
176,Sports,0.9649304078283595,0.32499999999999996,"This Sports is lightweight and high-performance, designed for professional-grade activities. It's comfortable and durable, ideal for any sports enthusiast."
177,Home,0.8483356632022528,0.42500000000000004,"Our Home is elegant and durable, designed for cozy use. It's modern and functional, adding a touch of elegance to your home."
178,Books,0.9459065216070017,0.7749999999999999,"Our Books offers a engaging experience with classic insights. It's informative and bestselling, ideal for any reader."
179,Books,0.889300836726838,0.8999999999999999,"Dive into this Books with our must-read and bestselling read. It's engaging and classic, a informative addition to any collection."
180,Home,0.03583946190157823,0.575,"Our Home is modern and durable, designed for cozy use. It's functional and elegant, adding a touch of elegance to your home."
181,Home,0.4136226422739521,0.825,"Enhance your living space with our elegant and durable Home. It's functional and cozy, perfect for any home."
182,Books,0.10429708867683707,0.42500000000000004,"Dive into this Books with our classic and bestselling read. It's engaging and informative, a must-read addition to any collection."
183,Beauty,0.04394335379566036,1.0,"Experience long-lasting and premium quality care with our Beauty. It's natural ingredients and luxurious, perfect for a hypoallergenic routine."
184,Sports,0.7435928604712413,0.125,"Achieve your best with our comfortable and lightweight Sports. It's high-performance and durable, perfect for professional-grade performance."
185,Beauty,0.7485159747968961,0.725,"Our Beauty features long-lasting ingredients and premium quality results. It's hypoallergenic and natural ingredients, ensuring a luxurious glow."
186,Clothing,0.31915152251868967,0.8,"Our Clothing is breathable and trendy, perfect for versatile wear. It's stylish and comfortable, making it a staple in any wardrobe."
187,Electronics,0.3380741100913714,0.6,"This Electronics item features compact design and high-performance functionality. It's durable and latest technology, perfect for everyday use."
188,Clothing,0.5674547701533661,0.175,"Our Clothing is versatile and comfortable, perfect for stylish wear. It's trendy and breathable, making it a staple in any wardrobe."
189,Beauty,0.5327498531169593,0.725,"Experience premium quality and long-lasting care with our Beauty. It's natural ingredients and luxurious, perfect for a hypoallergenic routine."
190,Electronics,0.2829068660224073,0.8999999999999999,"This Electronics item features user-friendly design and durable functionality. It's compact and latest technology, perfect for everyday use."
191,Clothing,0.4665207966125732,0.8,"This Clothing combines stylish style with trendy comfort. It's comfortable and breathable, suitable for all occasions."
192,Home,0.11201604570595029,0.7749999999999999,"Our Home is functional and elegant, designed for modern use. It's durable and cozy, adding a touch of elegance to your home."
193,Beauty,0.12921655625113962,0.675,"Experience long-lasting and luxurious care with our Beauty. It's premium quality and hypoallergenic, perfect for a natural ingredients routine."
194,Electronics,0.35851617739419356,0.8,"Experience the durable of our Electronics with this high-performance product. It's compact and user-friendly, ensuring high performance."
195,Beauty,0.0679511335318787,0.525,"Our Beauty features hypoallergenic ingredients and luxurious results. It's long-lasting and premium quality, ensuring a natural ingredients glow."
196,Electronics,0.5807856723191313,0.125,"This Electronics item features high-performance design and durable functionality. It's latest technology and compact, perfect for everyday use."
197,Sports,0.09564618407990438,0.32499999999999996,"Achieve your best with our comfortable and high-performance Sports. It's durable and lightweight, perfect for professional-grade performance."
198,Home,0.25397597196053406,0.8,"Our Home is elegant and functional, designed for cozy use. It's durable and modern, adding a touch of elegance to your home."
199,Electronics,0.5824064506979476,0.55,"Experience the durable of our Electronics with this user-friendly product. It's latest technology and high-performance, ensuring high performance."
200,Home,0.1576814765291031,0.275,"Enhance your living space with our elegant and modern Home. It's functional and cozy, perfect for any home."
201,Home,0.546526469336899,0.575,"Enhance your living space with our modern and durable Home. It's elegant and cozy, perfect for any home."
202,Beauty,0.7328349439818472,0.2,"Our Beauty features luxurious ingredients and long-lasting results. It's hypoallergenic and natural ingredients, ensuring a premium quality glow."
203,Sports,0.13201239895459793,0.04999999999999999,"Achieve your best with our durable and lightweight Sports. It's professional-grade and high-performance, perfect for comfortable performance."
204,Electronics,0.21742741951822364,0.2,"Experience the durable of our Electronics with this high-performance product. It's compact and latest technology, ensuring high performance."
205,Books,0.20608197086650865,0.09999999999999998,"Dive into this Books with our informative and classic read. It's engaging and bestselling, a must-read addition to any collection."
206,Sports,0.7663242772341416,0.9750000000000001,"Achieve your best with our comfortable and durable Sports. It's high-performance and lightweight, perfect for professional-grade performance."
207,Home,0.41214368200328205,0.875,"Enhance your living space with our functional and durable Home. It's elegant and cozy, perfect for any home."
208,Home,0.3639660446929638,0.7,"Enhance your living space with our functional and durable Home. It's cozy and elegant, perfect for any home."
209,Books,0.35622682793411536,0.09999999999999998,"Dive into this Books with our must-read and engaging read. It's informative and classic, a bestselling addition to any collection."
210,Home,0.8914281083490346,0.2,"Our Home is functional and elegant, designed for modern use. It's cozy and durable, adding a touch of elegance to your home."
211,Sports,0.47164650823558013,0.825,"Achieve your best with our high-performance and comfortable Sports. It's durable and professional-grade, perfect for lightweight performance."
212,Electronics,0.7509268826353857,0.22499999999999998,"This Electronics item features high-performance design and durable functionality. It's latest technology and compact, perfect for everyday use."
213,Clothing,0.015863368382665777,0.8,"Our Clothing is breathable and versatile, perfect for stylish wear. It's trendy and comfortable, making it a staple in any wardrobe."
214,Clothing,0.4080714763265058,0.575,"Our Clothing is stylish and versatile, perfect for comfortable wear. It's trendy and breathable, making it a staple in any wardrobe."
215,Books,0.3767296744261432,0.04999999999999999,"Dive into this Books with our engaging and classic read. It's must-read and bestselling, a informative addition to any collection."
216,Home,0.0539314005551166,0.675,"Enhance your living space with our durable and cozy Home. It's modern and functional, perfect for any home."
217,Beauty,0.8984987540266213,0.275,"Our Beauty features long-lasting ingredients and premium quality results. It's luxurious and hypoallergenic, ensuring a natural ingredients glow."
218,Electronics,0.819931522113495,0.175,"Experience the durable of our Electronics with this compact product. It's user-friendly and high-performance, ensuring high performance."
219,Books,0.26372090196316783,0.55,"Our Books offers a bestselling experience with must-read insights. It's engaging and classic, ideal for any reader."
220,Books,0.7156141737069227,0.65,"Our Books offers a bestselling experience with classic insights. It's informative and engaging, ideal for any reader."
221,Sports,0.7422354585789825,0.7,"This Sports is durable and lightweight, designed for professional-grade activities. It's high-performance and comfortable, ideal for any sports enthusiast."
222,Sports,0.0694706132620191,0.7749999999999999,"This Sports is high-performance and comfortable, designed for lightweight activities. It's durable and professional-grade, ideal for any sports enthusiast."
223,Clothing,0.731720658846411,0.275,"This Clothing combines stylish style with trendy comfort. It's breathable and versatile, suitable for all occasions."
224,Sports,0.6836848396442391,0.7,"This Sports is lightweight and comfortable, designed for durable activities. It's high-performance and professional-grade, ideal for any sports enthusiast."
225,Clothing,0.11286695435482891,0.625,"This Clothing combines versatile style with trendy comfort. It's breathable and stylish, suitable for all occasions."
226,Books,0.09357969164691345,0.825,"Our Books offers a classic experience with must-read insights. It's informative and engaging, ideal for any reader."
227,Sports,0.8422780040114265,0.42500000000000004,"Achieve your best with our professional-grade and high-performance Sports. It's lightweight and durable, perfect for comfortable performance."
228,Electronics,0.28268400899532004,0.575,"Experience the user-friendly of our Electronics with this high-performance product. It's latest technology and compact, ensuring high performance."
229,Beauty,0.25806843736704554,0.44999999999999996,"Experience hypoallergenic and natural ingredients care with our Beauty. It's premium quality and long-lasting, perfect for a luxurious routine."
230,Sports,0.2652606414230434,0.275,"Achieve your best with our high-performance and durable Sports. It's lightweight and professional-grade, perfect for comfortable performance."
231,Sports,0.9747766364796694,0.725,"Achieve your best with our comfortable and high-performance Sports. It's durable and professional-grade, perfect for lightweight performance."
232,Books,0.9650519662067708,0.725,"Dive into this Books with our engaging and must-read read. It's classic and bestselling, a informative addition to any collection."
233,Electronics,0.8776717518588302,0.5,"This Electronics item features durable design and compact functionality. It's user-friendly and high-performance, perfect for everyday use."
234,Home,0.2044206730282218,0.07500000000000001,"Enhance your living space with our elegant and cozy Home. It's durable and functional, perfect for any home."
235,Clothing,0.3670657833424502,0.0,"Our Clothing is comfortable and breathable, perfect for versatile wear. It's trendy and stylish, making it a staple in any wardrobe."
236,Sports,0.181648736805851,0.825,"Achieve your best with our comfortable and lightweight Sports. It's durable and professional-grade, perfect for high-performance performance."
237,Clothing,0.534978423387832,0.5,"Our Clothing is comfortable and stylish, perfect for breathable wear. It's trendy and versatile, making it a staple in any wardrobe."
238,Clothing,0.05459997163637837,0.925,"This Clothing combines stylish style with versatile comfort. It's trendy and breathable, suitable for all occasions."
239,Books,0.6614396563949836,0.25,"Dive into this Books with our bestselling and informative read. It's classic and must-read, a engaging addition to any collection."
240,Sports,0.004923114325654896,0.675,"Achieve your best with our comfortable and professional-grade Sports. It's lightweight and high-performance, perfect for durable performance."
241,Electronics,0.23047468546769587,0.95,"Experience the high-performance of our Electronics with this compact product. It's latest technology and user-friendly, ensuring high performance."
242,Electronics,0.9716971575599181,0.6,"Experience the high-performance of our Electronics with this compact product. It's user-friendly and durable, ensuring high performance."
243,Sports,0.7397840312810227,0.07500000000000001,"Achieve your best with our high-performance and durable Sports. It's comfortable and professional-grade, perfect for lightweight performance."
244,Electronics,0.7004396361352538,0.22499999999999998,"Experience the compact of our Electronics with this latest technology product. It's user-friendly and high-performance, ensuring high performance."
245,Electronics,0.2226746895196418,0.375,"This Electronics item features user-friendly design and durable functionality. It's compact and latest technology, perfect for everyday use."
246,Home,0.0828015154277842,0.575,"Our Home is functional and modern, designed for cozy use. It's durable and elegant, adding a touch of elegance to your home."
247,Beauty,0.9886342916185498,0.7749999999999999,"Experience natural ingredients and hypoallergenic care with our Beauty. It's long-lasting and premium quality, perfect for a luxurious routine."
248,Electronics,0.035657124333961385,0.575,"Experience the latest technology of our Electronics with this durable product. It's high-performance and user-friendly, ensuring high performance."
249,Sports,0.1803926335622683,0.9750000000000001,"This Sports is high-performance and professional-grade, designed for durable activities. It's lightweight and comfortable, ideal for any sports enthusiast."
250,Electronics,0.5262869993314289,0.8,"Experience the latest technology of our Electronics with this high-performance product. It's durable and user-friendly, ensuring high performance."
251,Electronics,0.05376932271723495,0.4,"This Electronics item features user-friendly design and high-performance functionality. It's compact and durable, perfect for everyday use."
252,Beauty,0.694523795052574,0.5,"Experience premium quality and luxurious care with our Beauty. It's long-lasting and natural ingredients, perfect for a hypoallergenic routine."
253,Beauty,0.6693612107214489,0.04999999999999999,"Experience long-lasting and hypoallergenic care with our Beauty. It's natural ingredients and luxurious, perfect for a premium quality routine."
254,Electronics,0.786887902915375,0.475,"Experience the latest technology of our Electronics with this high-performance product. It's durable and compact, ensuring high performance."
255,Electronics,0.6165238355720335,0.07500000000000001,"This Electronics item features compact design and durable functionality. It's user-friendly and latest technology, perfect for everyday use."
256,Electronics,0.3255535971150145,0.125,"This Electronics item features durable design and user-friendly functionality. It's high-performance and latest technology, perfect for everyday use."
257,Sports,0.9575761259344799,0.2,"Achieve your best with our durable and comfortable Sports. It's professional-grade and high-performance, perfect for lightweight performance."
258,Home,0.22846897222391052,0.8500000000000001,"Our Home is durable and modern, designed for functional use. It's cozy and elegant, adding a touch of elegance to your home."
259,Home,0.33069956846775667,0.04999999999999999,"Enhance your living space with our durable and elegant Home. It's functional and cozy, perfect for any home."
260,Electronics,0.9207844567353471,0.5,"Experience the high-performance of our Electronics with this durable product. It's latest technology and user-friendly, ensuring high performance."
261,Home,0.18296561923863935,0.55,"Our Home is functional and elegant, designed for cozy use. It's durable and modern, adding a touch of elegance to your home."
262,Clothing,0.25770376223181185,0.22499999999999998,"This Clothing combines breathable style with comfortable comfort. It's stylish and trendy, suitable for all occasions."
263,Beauty,0.7912437448084443,0.0,"Experience hypoallergenic and long-lasting care with our Beauty. It's luxurious and natural ingredients, perfect for a premium quality routine."
264,Sports,0.567839705018335,0.8500000000000001,"This Sports is professional-grade and high-performance, designed for lightweight activities. It's comfortable and durable, ideal for any sports enthusiast."
265,Clothing,0.3954496647014729,0.75,"Our Clothing is versatile and comfortable, perfect for breathable wear. It's stylish and trendy, making it a staple in any wardrobe."
266,Electronics,0.7827143985899228,0.625,"Experience the latest technology of our Electronics with this durable product. It's high-performance and user-friendly, ensuring high performance."
267,Home,0.22628092141250836,0.825,"Enhance your living space with our cozy and modern Home. It's elegant and durable, perfect for any home."
268,Clothing,0.8258068437367045,0.725,"Our Clothing is stylish and comfortable, perfect for versatile wear. It's trendy and breathable, making it a staple in any wardrobe."
269,Beauty,0.9727304037764136,0.75,"Our Beauty features luxurious ingredients and natural ingredients results. It's long-lasting and hypoallergenic, ensuring a premium quality glow."
270,Electronics,0.24660143033691934,0.925,"This Electronics item features compact design and user-friendly functionality. It's durable and high-performance, perfect for everyday use."
271,Books,0.6595555015296096,0.375,"Dive into this Books with our informative and engaging read. It's classic and must-read, a bestselling addition to any collection."
272,Electronics,0.02248830000607792,0.42500000000000004,"This Electronics item features high-performance design and latest technology functionality. It's durable and user-friendly, perfect for everyday use."
273,Sports,0.900443688081201,0.025000000000000022,"This Sports is professional-grade and comfortable, designed for lightweight activities. It's durable and high-performance, ideal for any sports enthusiast."
274,Sports,0.9346015924147572,0.22499999999999998,"This Sports is comfortable and lightweight, designed for professional-grade activities. It's high-performance and durable, ideal for any sports enthusiast."
275,Beauty,0.9540914524200247,0.275,"Our Beauty features hypoallergenic ingredients and premium quality results. It's long-lasting and luxurious, ensuring a natural ingredients glow."
276,Electronics,0.4903867582406451,0.675,"Experience the latest technology of our Electronics with this user-friendly product. It's high-performance and compact, ensuring high performance."
277,Electronics,0.07834437488603903,0.04999999999999999,"Experience the durable of our Electronics with this user-friendly product. It's compact and high-performance, ensuring high performance."
278,Books,0.461861058773476,0.7749999999999999,"Our Books offers a engaging experience with must-read insights. It's bestselling and informative, ideal for any reader."
279,Home,0.07153710569501004,0.75,"Enhance your living space with our cozy and elegant Home. It's functional and modern, perfect for any home."
280,Beauty,0.594866184485099,0.55,"Our Beauty features hypoallergenic ingredients and natural ingredients results. It's premium quality and luxurious, ensuring a long-lasting glow."
281,Books,0.3316112563058409,0.125,"Our Books offers a informative experience with classic insights. It's engaging and bestselling, ideal for any reader."
282,Books,0.5456553009582852,0.475,"Dive into this Books with our classic and informative read. It's bestselling and engaging, a must-read addition to any collection."
283,Beauty,0.12099110597864624,0.7749999999999999,"Experience premium quality and long-lasting care with our Beauty. It's hypoallergenic and natural ingredients, perfect for a luxurious routine."
284,Beauty,0.9955225997285195,0.07500000000000001,"Experience long-lasting and premium quality care with our Beauty. It's luxurious and hypoallergenic, perfect for a natural ingredients routine."
285,Beauty,0.8072084118397861,0.575,"Experience hypoallergenic and premium quality care with our Beauty. It's natural ingredients and luxurious, perfect for a long-lasting routine."
286,Clothing,0.15316355679815233,0.9750000000000001,"Our Clothing is versatile and comfortable, perfect for breathable wear. It's stylish and trendy, making it a staple in any wardrobe."
287,Sports,0.7654936283149982,0.825,"This Sports is comfortable and lightweight, designed for durable activities. It's professional-grade and high-performance, ideal for any sports enthusiast."
288,Beauty,0.0785874916428615,0.2,"Our Beauty features premium quality ingredients and luxurious results. It's natural ingredients and long-lasting, ensuring a hypoallergenic glow."
289,Sports,0.9318462691707693,0.75,"Achieve your best with our lightweight and comfortable Sports. It's durable and professional-grade, perfect for high-performance performance."
290,Clothing,0.13383577463076643,0.475,"This Clothing combines trendy style with versatile comfort. It's stylish and breathable, suitable for all occasions."
291,Beauty,0.7695455742620393,0.0,"Experience natural ingredients and long-lasting care with our Beauty. It's premium quality and luxurious, perfect for a hypoallergenic routine."
292,Home,0.7323284507384671,0.175,"Our Home is elegant and durable, designed for modern use. It's functional and cozy, adding a touch of elegance to your home."
293,Clothing,0.8974249883506553,0.30000000000000004,"This Clothing combines stylish style with breathable comfort. It's comfortable and versatile, suitable for all occasions."
294,Electronics,0.8453980023906481,0.625,"Experience the user-friendly of our Electronics with this durable product. It's compact and latest technology, ensuring high performance."
295,Electronics,0.48104702283271544,0.15000000000000002,"Experience the user-friendly of our Electronics with this latest technology product. It's compact and durable, ensuring high performance."
296,Clothing,0.10768046354261636,0.25,"Our Clothing is stylish and breathable, perfect for versatile wear. It's comfortable and trendy, making it a staple in any wardrobe."
297,Clothing,0.39376810713345084,0.30000000000000004,"Our Clothing is versatile and stylish, perfect for trendy wear. It's comfortable and breathable, making it a staple in any wardrobe."
298,Electronics,0.6795923742377277,0.0,"Experience the high-performance of our Electronics with this user-friendly product. It's compact and durable, ensuring high performance."
299,Clothing,0.3119593184626917,0.275,"This Clothing combines versatile style with stylish comfort. It's comfortable and breathable, suitable for all occasions."
300,Sports,0.9466358718774691,0.575,"Achieve your best with our lightweight and professional-grade Sports. It's comfortable and durable, perfect for high-performance performance."
301,Beauty,0.9330821126846168,0.5,"Experience luxurious and long-lasting care with our Beauty. It's premium quality and natural ingredients, perfect for a hypoallergenic routine."
302,Sports,0.7488806499321299,0.025000000000000022,"Achieve your best with our durable and professional-grade Sports. It's high-performance and comfortable, perfect for lightweight performance."
303,Books,0.8672177313154643,0.275,"Our Books offers a must-read experience with engaging insights. It's informative and classic, ideal for any reader."
304,Books,0.27996920521080254,0.7,"Our Books offers a must-read experience with bestselling insights. It's informative and engaging, ideal for any reader."
305,Clothing,0.6683279645049535,0.04999999999999999,"Our Clothing is versatile and comfortable, perfect for stylish wear. It's breathable and trendy, making it a staple in any wardrobe."
306,Home,0.12088980732997023,0.8,"Enhance your living space with our elegant and cozy Home. It's durable and modern, perfect for any home."
307,Sports,0.3354403452257947,0.2,"Achieve your best with our durable and lightweight Sports. It's professional-grade and comfortable, perfect for high-performance performance."
308,Clothing,0.7688364837213072,0.875,"This Clothing combines comfortable style with trendy comfort. It's breathable and versatile, suitable for all occasions."
309,Books,0.267590510342592,0.07500000000000001,"Our Books offers a informative experience with must-read insights. It's bestselling and classic, ideal for any reader."
310,Clothing,0.5904900828622945,0.625,"Our Clothing is stylish and comfortable, perfect for breathable wear. It's trendy and versatile, making it a staple in any wardrobe."
311,Clothing,0.19084665410563426,0.7749999999999999,"Our Clothing is trendy and versatile, perfect for comfortable wear. It's breathable and stylish, making it a staple in any wardrobe."
312,Books,0.36907149658623556,0.475,"Our Books offers a informative experience with bestselling insights. It's must-read and classic, ideal for any reader."
313,Electronics,0.2731619360197735,0.375,"This Electronics item features latest technology design and durable functionality. It's user-friendly and high-performance, perfect for everyday use."
314,Electronics,0.7954982880528373,0.375,"This Electronics item features user-friendly design and durable functionality. It's high-performance and compact, perfect for everyday use."
315,Beauty,0.70548430883932,0.625,"Our Beauty features long-lasting ingredients and luxurious results. It's premium quality and hypoallergenic, ensuring a natural ingredients glow."
316,Beauty,0.22133754735711827,1.0,"Experience long-lasting and natural ingredients care with our Beauty. It's luxurious and hypoallergenic, perfect for a premium quality routine."
317,Home,0.5075062298668935,0.9750000000000001,"Enhance your living space with our functional and cozy Home. It's elegant and durable, perfect for any home."
318,Books,0.1667173159910047,0.875,"Dive into this Books with our must-read and classic read. It's informative and engaging, a bestselling addition to any collection."
319,Home,0.8849855142932394,0.7749999999999999,"Our Home is modern and functional, designed for cozy use. It's elegant and durable, adding a touch of elegance to your home."
320,Home,0.08912255110516827,0.025000000000000022,"Our Home is functional and durable, designed for elegant use. It's cozy and modern, adding a touch of elegance to your home."
321,Sports,0.9932332502684413,0.30000000000000004,"Achieve your best with our high-performance and durable Sports. It's professional-grade and lightweight, perfect for comfortable performance."
322,Books,0.03924309649709273,0.7749999999999999,"Our Books offers a must-read experience with engaging insights. It's informative and classic, ideal for any reader."
323,Home,0.6372292793614133,0.275,"Our Home is cozy and durable, designed for functional use. It's modern and elegant, adding a touch of elegance to your home."
324,Sports,0.3725966895601613,0.7749999999999999,"Achieve your best with our lightweight and durable Sports. It's high-performance and professional-grade, perfect for comfortable performance."
325,Home,0.5597763325837234,0.525,"Our Home is durable and functional, designed for modern use. It's elegant and cozy, adding a touch of elegance to your home."
326,Sports,0.4132984865981888,0.42500000000000004,"Achieve your best with our lightweight and durable Sports. It's comfortable and high-performance, perfect for professional-grade performance."
327,Books,0.6737575720739886,0.7,"Our Books offers a must-read experience with engaging insights. It's bestselling and classic, ideal for any reader."
328,Sports,0.26072246196235743,0.15000000000000002,"This Sports is lightweight and professional-grade, designed for comfortable activities. It's high-performance and durable, ideal for any sports enthusiast."
329,Clothing,0.7985980267023238,0.95,"Our Clothing is trendy and breathable, perfect for comfortable wear. It's versatile and stylish, making it a staple in any wardrobe."
330,Clothing,0.6025041025952713,0.625,"Our Clothing is comfortable and stylish, perfect for breathable wear. It's trendy and versatile, making it a staple in any wardrobe."
331,Sports,0.5868838509694281,0.9750000000000001,"Achieve your best with our comfortable and professional-grade Sports. It's high-performance and lightweight, perfect for durable performance."
332,Beauty,0.5363763447395612,0.0,"Experience luxurious and premium quality care with our Beauty. It's hypoallergenic and long-lasting, perfect for a natural ingredients routine."
333,Clothing,0.2644299925039,0.04999999999999999,"This Clothing combines breathable style with versatile comfort. It's stylish and comfortable, suitable for all occasions."
334,Books,0.9346218521444923,0.7749999999999999,"Our Books offers a classic experience with must-read insights. It's bestselling and informative, ideal for any reader."
335,Sports,0.40397901091999433,0.725,"This Sports is lightweight and durable, designed for professional-grade activities. It's high-performance and comfortable, ideal for any sports enthusiast."
336,Books,0.5976822869182925,0.6,"Our Books offers a informative experience with classic insights. It's engaging and must-read, ideal for any reader."
337,Beauty,0.14538382057983348,0.2,"Experience premium quality and natural ingredients care with our Beauty. It's long-lasting and luxurious, perfect for a hypoallergenic routine."
338,Electronics,0.6062926720557548,0.44999999999999996,"Experience the durable of our Electronics with this compact product. It's user-friendly and high-performance, ensuring high performance."
339,Books,0.5423124455519763,0.8999999999999999,"Our Books offers a must-read experience with informative insights. It's engaging and classic, ideal for any reader."
340,Home,0.8334650215766122,0.7749999999999999,"Our Home is modern and durable, designed for cozy use. It's elegant and functional, adding a touch of elegance to your home."
341,Home,0.3862112279422193,0.475,"Our Home is durable and elegant, designed for functional use. It's cozy and modern, adding a touch of elegance to your home."
342,Home,0.11535890111225919,0.07500000000000001,"Our Home is cozy and elegant, designed for modern use. It's functional and durable, adding a touch of elegance to your home."
343,Clothing,0.3485078709050021,0.7,"This Clothing combines versatile style with stylish comfort. It's trendy and breathable, suitable for all occasions."
344,Electronics,0.23466844952288338,0.75,"This Electronics item features high-performance design and latest technology functionality. It's user-friendly and durable, perfect for everyday use."
345,Electronics,0.8971008326748922,0.4,"Experience the high-performance of our Electronics with this durable product. It's user-friendly and latest technology, ensuring high performance."
346,Clothing,0.9611418383678761,0.7,"Our Clothing is comfortable and stylish, perfect for versatile wear. It's breathable and trendy, making it a staple in any wardrobe."
347,Electronics,0.05798334650215766,0.2,"Experience the user-friendly of our Electronics with this durable product. It's high-performance and compact, ensuring high performance."
348,Beauty,0.9520249599870337,0.725,"Our Beauty features luxurious ingredients and long-lasting results. It's natural ingredients and premium quality, ensuring a hypoallergenic glow."
349,Clothing,0.5890719017808302,0.375,"This Clothing combines trendy style with comfortable comfort. It's stylish and versatile, suitable for all occasions."
350,Home,0.9772685832370996,0.025000000000000022,"Enhance your living space with our modern and functional Home. It's elegant and durable, perfect for any home."
351,Clothing,0.7805060880487854,0.35,"Our Clothing is trendy and stylish, perfect for versatile wear. It's breathable and comfortable, making it a staple in any wardrobe."
352,Beauty,0.3126684090034239,0.25,"Our Beauty features premium quality ingredients and hypoallergenic results. It's natural ingredients and long-lasting, ensuring a luxurious glow."
353,Beauty,0.4530480763386616,0.375,"Our Beauty features hypoallergenic ingredients and premium quality results. It's luxurious and long-lasting, ensuring a natural ingredients glow."
354,Sports,0.5734111306955164,0.175,"This Sports is high-performance and durable, designed for lightweight activities. It's professional-grade and comfortable, ideal for any sports enthusiast."
355,Electronics,0.9488847018780769,0.6,"Experience the user-friendly of our Electronics with this latest technology product. It's durable and high-performance, ensuring high performance."
356,Sports,0.14094693976782352,0.22499999999999998,"This Sports is lightweight and high-performance, designed for durable activities. It's professional-grade and comfortable, ideal for any sports enthusiast."
357,Books,0.9309751007921554,0.8,"Dive into this Books with our must-read and engaging read. It's bestselling and informative, a classic addition to any collection."
358,Home,0.05674750298831014,0.30000000000000004,"Our Home is modern and elegant, designed for cozy use. It's durable and functional, adding a touch of elegance to your home."
359,Sports,0.4152434206527685,0.025000000000000022,"This Sports is high-performance and lightweight, designed for durable activities. It's professional-grade and comfortable, ideal for any sports enthusiast."
360,Books,0.03409712514435057,0.625,"Dive into this Books with our bestselling and engaging read. It's must-read and classic, a informative addition to any collection."
361,Clothing,0.6938147045118418,0.0,"Our Clothing is trendy and comfortable, perfect for versatile wear. It's stylish and breathable, making it a staple in any wardrobe."
362,Home,0.6159160436799773,0.42500000000000004,"Enhance your living space with our modern and durable Home. It's cozy and functional, perfect for any home."
363,Beauty,0.09359995137664864,0.675,"Our Beauty features hypoallergenic ingredients and long-lasting results. It's premium quality and natural ingredients, ensuring a luxurious glow."
364,Beauty,0.8398265767134666,0.125,"Experience hypoallergenic and luxurious care with our Beauty. It's natural ingredients and long-lasting, perfect for a premium quality routine."
365,Electronics,0.6533357645009015,0.8999999999999999,"Experience the latest technology of our Electronics with this high-performance product. It's compact and user-friendly, ensuring high performance."
366,Home,0.053019712717032354,0.07500000000000001,"Our Home is elegant and functional, designed for durable use. It's cozy and modern, adding a touch of elegance to your home."
367,Beauty,0.49616078121517854,0.825,"Our Beauty features luxurious ingredients and long-lasting results. It's premium quality and natural ingredients, ensuring a hypoallergenic glow."
368,Beauty,0.4333961384955125,0.6,"Our Beauty features premium quality ingredients and long-lasting results. It's natural ingredients and luxurious, ensuring a hypoallergenic glow."
369,Books,0.1328835673332118,1.0,"Our Books offers a bestselling experience with classic insights. It's must-read and engaging, ideal for any reader."
370,Books,0.34257177009258694,0.925,"Our Books offers a must-read experience with classic insights. It's bestselling and engaging, ideal for any reader."
371,Clothing,0.5946635871877469,0.04999999999999999,"Our Clothing is versatile and stylish, perfect for trendy wear. It's breathable and comfortable, making it a staple in any wardrobe."
372,Clothing,0.600984622865131,0.22499999999999998,"Our Clothing is breathable and comfortable, perfect for stylish wear. It's trendy and versatile, making it a staple in any wardrobe."
373,Books,0.48104702283271544,0.4,"Dive into this Books with our informative and bestselling read. It's classic and engaging, a must-read addition to any collection."
374,Clothing,0.33604813711785086,0.2,"This Clothing combines breathable style with versatile comfort. It's trendy and comfortable, suitable for all occasions."
375,Home,0.9960088332421646,0.275,"Enhance your living space with our cozy and elegant Home. It's modern and functional, perfect for any home."
376,Electronics,0.8271439858992281,0.525,"This Electronics item features user-friendly design and durable functionality. It's high-performance and compact, perfect for everyday use."
377,Home,0.2882756944022367,0.32499999999999996,"Enhance your living space with our modern and functional Home. It's cozy and elegant, perfect for any home."
378,Clothing,0.7737798577766972,1.0,"Our Clothing is trendy and breathable, perfect for versatile wear. It's comfortable and stylish, making it a staple in any wardrobe."
379,Books,0.6735954942361068,0.04999999999999999,"Dive into this Books with our informative and bestselling read. It's engaging and must-read, a classic addition to any collection."
380,Clothing,0.10739682732632348,0.275,"Our Clothing is breathable and versatile, perfect for trendy wear. It's comfortable and stylish, making it a staple in any wardrobe."
381,Clothing,0.45045483093255534,0.025000000000000022,"Our Clothing is breathable and trendy, perfect for comfortable wear. It's versatile and stylish, making it a staple in any wardrobe."
382,Beauty,0.2586559695293665,0.275,"Our Beauty features hypoallergenic ingredients and luxurious results. It's premium quality and long-lasting, ensuring a natural ingredients glow."
383,Beauty,0.5994448834052554,0.55,"Our Beauty features natural ingredients ingredients and long-lasting results. It's premium quality and luxurious, ensuring a hypoallergenic glow."
384,Electronics,0.05820620352924492,0.825,"Experience the latest technology of our Electronics with this durable product. It's high-performance and user-friendly, ensuring high performance."
385,Electronics,0.8558317632042789,0.025000000000000022,"Experience the user-friendly of our Electronics with this high-performance product. It's latest technology and compact, ensuring high performance."
386,Home,0.5762069733989748,0.275,"Our Home is modern and functional, designed for cozy use. It's elegant and durable, adding a touch of elegance to your home."
387,Books,0.4075447233533905,0.44999999999999996,"Our Books offers a engaging experience with bestselling insights. It's classic and informative, ideal for any reader."
388,Electronics,0.11047630624607468,0.42500000000000004,"This Electronics item features latest technology design and compact functionality. It's high-performance and user-friendly, perfect for everyday use."
389,Sports,0.8393403431998216,0.125,"Achieve your best with our high-performance and durable Sports. It's professional-grade and comfortable, perfect for lightweight performance."
390,Books,0.9813002694544055,0.725,"Our Books offers a informative experience with must-read insights. It's engaging and bestselling, ideal for any reader."
391,Sports,0.3514657914463421,0.375,"Achieve your best with our durable and comfortable Sports. It's high-performance and professional-grade, perfect for lightweight performance."
392,Electronics,1.0,0.9750000000000001,"This Electronics item features user-friendly design and latest technology functionality. It's durable and high-performance, perfect for everyday use."
393,Beauty,0.4182216009238437,0.6,"Experience luxurious and natural ingredients care with our Beauty. It's long-lasting and premium quality, perfect for a hypoallergenic routine."
394,Sports,0.36720760145059667,0.575,"Achieve your best with our high-performance and professional-grade Sports. It's comfortable and lightweight, perfect for durable performance."
395,Beauty,0.050629064608278124,0.475,"Our Beauty features luxurious ingredients and hypoallergenic results. It's premium quality and long-lasting, ensuring a natural ingredients glow."
396,Clothing,0.24696610547215303,0.32499999999999996,"This Clothing combines versatile style with trendy comfort. It's stylish and comfortable, suitable for all occasions."
397,Beauty,0.21339573330091777,0.42500000000000004,"Our Beauty features natural ingredients ingredients and hypoallergenic results. It's luxurious and premium quality, ensuring a long-lasting glow."
398,Clothing,0.7738001175064324,0.025000000000000022,"Our Clothing is comfortable and trendy, perfect for breathable wear. It's stylish and versatile, making it a staple in any wardrobe."
399,Sports,0.8247533377904738,0.07500000000000001,"Achieve your best with our high-performance and lightweight Sports. It's comfortable and durable, perfect for professional-grade performance."
400,Clothing,0.46208391580056324,0.5,"Our Clothing is comfortable and breathable, perfect for versatile wear. It's stylish and trendy, making it a staple in any wardrobe."
401,Home,0.5282521931157439,0.8999999999999999,"Our Home is modern and cozy, designed for durable use. It's functional and elegant, adding a touch of elegance to your home."
402,Sports,0.7931076399440831,0.825,"Achieve your best with our durable and lightweight Sports. It's high-performance and comfortable, perfect for professional-grade performance."
403,Books,0.7954982880528373,0.15000000000000002,"Dive into this Books with our engaging and bestselling read. It's must-read and informative, a classic addition to any collection."
404,Home,0.547904130958893,0.07500000000000001,"Enhance your living space with our cozy and durable Home. It's functional and modern, perfect for any home."
405,Beauty,0.6043072185417045,0.75,"Experience hypoallergenic and premium quality care with our Beauty. It's luxurious and long-lasting, perfect for a natural ingredients routine."
406,Beauty,0.4520148301221662,0.825,"Our Beauty features long-lasting ingredients and premium quality results. It's hypoallergenic and natural ingredients, ensuring a luxurious glow."
407,Home,0.5242812860876436,0.2,"Our Home is functional and elegant, designed for durable use. It's cozy and modern, adding a touch of elegance to your home."
408,Electronics,0.48145221742741956,0.675,"This Electronics item features durable design and user-friendly functionality. It's latest technology and compact, perfect for everyday use."
409,Clothing,0.3704288984784943,0.55,"Our Clothing is stylish and versatile, perfect for trendy wear. It's comfortable and breathable, making it a staple in any wardrobe."
410,Electronics,0.8772057780749204,0.0,"Experience the high-performance of our Electronics with this latest technology product. It's durable and compact, ensuring high performance."
411,Beauty,0.47223404039790107,0.8,"Our Beauty features long-lasting ingredients and natural ingredients results. It's luxurious and hypoallergenic, ensuring a premium quality glow."
412,Electronics,0.9148078364634615,0.95,"Experience the compact of our Electronics with this durable product. It's user-friendly and high-performance, ensuring high performance."
413,Home,0.5009218177029519,0.825,"Our Home is modern and functional, designed for durable use. It's cozy and elegant, adding a touch of elegance to your home."
414,Books,0.8194047691403796,0.42500000000000004,"Dive into this Books with our bestselling and classic read. It's must-read and engaging, a informative addition to any collection."
415,Clothing,0.08663060434773802,0.8999999999999999,"Our Clothing is stylish and comfortable, perfect for breathable wear. It's trendy and versatile, making it a staple in any wardrobe."
416,Home,0.7104276828947101,0.125,"Our Home is durable and modern, designed for functional use. It's cozy and elegant, adding a touch of elegance to your home."
417,Books,0.9257886099799428,0.44999999999999996,"Our Books offers a must-read experience with bestselling insights. It's informative and engaging, ideal for any reader."
418,Sports,0.5346137482525983,0.8500000000000001,"Achieve your best with our lightweight and durable Sports. It's comfortable and professional-grade, perfect for high-performance performance."
419,Sports,0.6642557588281772,0.375,"Achieve your best with our high-performance and comfortable Sports. It's lightweight and durable, perfect for professional-grade performance."
420,Clothing,0.9555298932312243,0.625,"Our Clothing is comfortable and stylish, perfect for trendy wear. It's versatile and breathable, making it a staple in any wardrobe."
421,Beauty,0.8214510018436354,0.6,"Our Beauty features luxurious ingredients and hypoallergenic results. It's natural ingredients and long-lasting, ensuring a premium quality glow."
422,Books,0.09830020867521629,0.475,"Our Books offers a bestselling experience with informative insights. It's engaging and classic, ideal for any reader."
423,Beauty,0.5236937539253227,0.09999999999999998,"Our Beauty features long-lasting ingredients and premium quality results. It's natural ingredients and hypoallergenic, ensuring a luxurious glow."
424,Beauty,0.8542312445551976,0.9750000000000001,"Our Beauty features premium quality ingredients and natural ingredients results. It's luxurious and hypoallergenic, ensuring a long-lasting glow."
425,Sports,0.40136550578415287,0.15000000000000002,"Achieve your best with our professional-grade and durable Sports. It's comfortable and high-performance, perfect for lightweight performance."
426,Sports,0.7744079093984887,0.9750000000000001,"Achieve your best with our durable and high-performance Sports. It's professional-grade and comfortable, perfect for lightweight performance."
427,Beauty,0.9089932940294577,0.09999999999999998,"Our Beauty features premium quality ingredients and natural ingredients results. It's long-lasting and luxurious, ensuring a hypoallergenic glow."
428,Beauty,0.939727304037764,0.725,"Our Beauty features long-lasting ingredients and premium quality results. It's luxurious and hypoallergenic, ensuring a natural ingredients glow."
429,Sports,0.3526408557709841,0.15000000000000002,"Achieve your best with our professional-grade and comfortable Sports. It's high-performance and lightweight, perfect for durable performance."
430,Electronics,0.6600417350432545,0.07500000000000001,"Experience the high-performance of our Electronics with this durable product. It's compact and user-friendly, ensuring high performance."
431,Books,0.8310135942786523,0.32499999999999996,"Dive into this Books with our engaging and informative read. It's bestselling and classic, a must-read addition to any collection."
432,Clothing,0.5465669887963694,0.8,"Our Clothing is breathable and versatile, perfect for stylish wear. It's comfortable and trendy, making it a staple in any wardrobe."
433,Clothing,0.49042727770011546,0.7749999999999999,"This Clothing combines stylish style with comfortable comfort. It's trendy and versatile, suitable for all occasions."
434,Clothing,0.16995887274863755,0.04999999999999999,"Our Clothing is versatile and comfortable, perfect for trendy wear. It's breathable and stylish, making it a staple in any wardrobe."
435,Beauty,0.7149658623553962,0.75,"Experience premium quality and natural ingredients care with our Beauty. It's luxurious and long-lasting, perfect for a hypoallergenic routine."
436,Beauty,0.018193237302214386,0.25,"Our Beauty features premium quality ingredients and hypoallergenic results. It's luxurious and long-lasting, ensuring a natural ingredients glow."
437,Electronics,0.09337709434956139,0.125,"This Electronics item features latest technology design and user-friendly functionality. It's durable and compact, perfect for everyday use."
438,Books,0.08784618813185033,0.825,"Dive into this Books with our must-read and bestselling read. It's engaging and classic, a informative addition to any collection."
439,Clothing,0.9304078283595697,0.6,"This Clothing combines breathable style with versatile comfort. It's stylish and comfortable, suitable for all occasions."
440,Clothing,0.619441236653903,0.65,"This Clothing combines versatile style with breathable comfort. It's stylish and trendy, suitable for all occasions."
441,Electronics,0.16132822788144008,0.7749999999999999,"Experience the user-friendly of our Electronics with this compact product. It's latest technology and durable, ensuring high performance."
442,Electronics,0.9917745497275066,0.30000000000000004,"Experience the compact of our Electronics with this user-friendly product. It's latest technology and durable, ensuring high performance."
443,Books,0.15255576490609615,0.2,"Our Books offers a bestselling experience with informative insights. It's classic and must-read, ideal for any reader."
444,Books,0.8951761583500475,0.925,"Our Books offers a classic experience with must-read insights. It's informative and bestselling, ideal for any reader."
445,Sports,0.5302984258189996,0.725,"This Sports is professional-grade and high-performance, designed for durable activities. It's comfortable and lightweight, ideal for any sports enthusiast."
446,Electronics,0.1230778581413724,0.5,"Experience the latest technology of our Electronics with this high-performance product. It's durable and user-friendly, ensuring high performance."
447,Home,0.6946048339715147,0.75,"Our Home is modern and functional, designed for cozy use. It's durable and elegant, adding a touch of elegance to your home."
448,Books,0.30602321765027657,0.75,"Dive into this Books with our engaging and informative read. It's must-read and classic, a bestselling addition to any collection."
449,Home,0.4769342976964688,0.925,"Our Home is elegant and durable, designed for modern use. It's cozy and functional, adding a touch of elegance to your home."
450,Books,0.3156263295447639,0.175,"Dive into this Books with our bestselling and classic read. It's must-read and informative, a engaging addition to any collection."
451,Electronics,0.5637674993415588,0.7749999999999999,"Experience the high-performance of our Electronics with this compact product. It's latest technology and durable, ensuring high performance."
452,Home,0.7357523450637168,0.32499999999999996,"Enhance your living space with our elegant and durable Home. It's cozy and modern, perfect for any home."
453,Electronics,0.1120768248951559,0.8,"Experience the compact of our Electronics with this latest technology product. It's durable and high-performance, ensuring high performance."
454,Clothing,0.08140359407605503,0.09999999999999998,"Our Clothing is versatile and breathable, perfect for trendy wear. It's stylish and comfortable, making it a staple in any wardrobe."
455,Home,0.8424806013087784,0.825,"Our Home is cozy and modern, designed for elegant use. It's durable and functional, adding a touch of elegance to your home."
456,Books,0.11517656354464231,0.625,"Our Books offers a informative experience with must-read insights. It's engaging and classic, ideal for any reader."
457,Sports,0.8109159423813286,0.175,"Achieve your best with our professional-grade and durable Sports. It's comfortable and lightweight, perfect for high-performance performance."
458,Sports,0.19289288680889,0.09999999999999998,"This Sports is professional-grade and comfortable, designed for lightweight activities. It's high-performance and durable, ideal for any sports enthusiast."
459,Electronics,0.6298142182783282,0.75,"Experience the high-performance of our Electronics with this latest technology product. It's compact and user-friendly, ensuring high performance."
460,Clothing,0.28513543629327986,0.35,"This Clothing combines breathable style with comfortable comfort. It's versatile and trendy, suitable for all occasions."
461,Clothing,0.9441844445795092,0.925,"Our Clothing is comfortable and versatile, perfect for stylish wear. It's trendy and breathable, making it a staple in any wardrobe."
462,Sports,0.5844729431309387,0.0,"Achieve your best with our professional-grade and comfortable Sports. It's lightweight and durable, perfect for high-performance performance."
463,Books,0.4648392390445512,0.04999999999999999,"Our Books offers a informative experience with must-read insights. It's engaging and bestselling, ideal for any reader."
464,Beauty,0.5750116493445977,0.375,"Our Beauty features hypoallergenic ingredients and long-lasting results. It's premium quality and natural ingredients, ensuring a luxurious glow."
465,Electronics,0.7966125731882736,0.025000000000000022,"This Electronics item features user-friendly design and high-performance functionality. It's compact and durable, perfect for everyday use."
466,Books,0.13811057760489476,0.07500000000000001,"Dive into this Books with our engaging and bestselling read. It's classic and must-read, a informative addition to any collection."
467,Electronics,0.7375149415506796,0.09999999999999998,"Experience the user-friendly of our Electronics with this durable product. It's compact and latest technology, ensuring high performance."
468,Electronics,0.3952875868635913,0.44999999999999996,"This Electronics item features compact design and user-friendly functionality. It's high-performance and durable, perfect for everyday use."
469,Home,0.22500455843919043,0.65,"Our Home is durable and modern, designed for elegant use. It's cozy and functional, adding a touch of elegance to your home."
470,Books,0.0029984400008103915,0.8,"Our Books offers a must-read experience with informative insights. It's classic and engaging, ideal for any reader."
471,Home,0.9950971454040805,0.44999999999999996,"Our Home is cozy and elegant, designed for modern use. It's durable and functional, adding a touch of elegance to your home."
472,Books,0.9206831580866711,0.125,"Dive into this Books with our bestselling and engaging read. It's classic and informative, a must-read addition to any collection."
473,Electronics,0.4714641706679633,0.95,"This Electronics item features durable design and latest technology functionality. It's high-performance and user-friendly, perfect for everyday use."
474,Books,0.22305962438461074,0.5,"Our Books offers a must-read experience with informative insights. It's engaging and classic, ideal for any reader."
475,Beauty,0.3838610992929355,0.95,"Our Beauty features luxurious ingredients and hypoallergenic results. It's natural ingredients and premium quality, ensuring a long-lasting glow."
476,Home,0.16090277355700075,0.675,"Enhance your living space with our cozy and elegant Home. It's functional and modern, perfect for any home."
477,Sports,0.5620454223140664,0.925,"Achieve your best with our comfortable and high-performance Sports. It's durable and professional-grade, perfect for lightweight performance."
478,Books,0.4315119836301384,0.35,"Our Books offers a bestselling experience with classic insights. It's informative and engaging, ideal for any reader."
479,Books,0.7856520594015275,0.125,"Our Books offers a bestselling experience with informative insights. It's engaging and must-read, ideal for any reader."
480,Electronics,0.8422982637411617,0.15000000000000002,"Experience the high-performance of our Electronics with this durable product. It's compact and latest technology, ensuring high performance."
481,Clothing,0.4245223768714926,0.09999999999999998,"This Clothing combines trendy style with stylish comfort. It's breathable and comfortable, suitable for all occasions."
482,Clothing,0.657428229907413,0.8500000000000001,"Our Clothing is stylish and versatile, perfect for trendy wear. It's breathable and comfortable, making it a staple in any wardrobe."
483,Clothing,0.2268481938450941,0.025000000000000022,"This Clothing combines breathable style with comfortable comfort. It's stylish and versatile, suitable for all occasions."
484,Beauty,0.49146052391661094,0.525,"Our Beauty features natural ingredients ingredients and long-lasting results. It's premium quality and luxurious, ensuring a hypoallergenic glow."
485,Clothing,0.7778723231832088,0.32499999999999996,"This Clothing combines comfortable style with trendy comfort. It's breathable and stylish, suitable for all occasions."
486,Home,0.18450535869851498,0.8999999999999999,"Enhance your living space with our modern and cozy Home. It's functional and durable, perfect for any home."
487,Sports,0.17172146923560042,0.55,"Achieve your best with our comfortable and high-performance Sports. It's lightweight and professional-grade, perfect for durable performance."
488,Beauty,0.8200935999513765,1.0,"Experience luxurious and hypoallergenic care with our Beauty. It's long-lasting and premium quality, perfect for a natural ingredients routine."
489,Beauty,0.7880427075102817,0.15000000000000002,"Experience luxurious and natural ingredients care with our Beauty. It's premium quality and long-lasting, perfect for a hypoallergenic routine."
490,Sports,0.004983893514860513,0.5,"This Sports is comfortable and professional-grade, designed for durable activities. It's lightweight and high-performance, ideal for any sports enthusiast."
491,Clothing,0.9688810551267245,0.32499999999999996,"This Clothing combines versatile style with comfortable comfort. It's breathable and stylish, suitable for all occasions."
492,Books,0.5307643996029092,0.25,"Our Books offers a informative experience with must-read insights. It's bestselling and classic, ideal for any reader."
493,Electronics,0.6109118904353815,0.5,"Experience the high-performance of our Electronics with this user-friendly product. It's compact and latest technology, ensuring high performance."
494,Beauty,0.03346907352255921,0.575,"Our Beauty features luxurious ingredients and hypoallergenic results. It's long-lasting and natural ingredients, ensuring a premium quality glow."
495,Beauty,0.34392917198484574,0.725,"Experience hypoallergenic and natural ingredients care with our Beauty. It's luxurious and long-lasting, perfect for a premium quality routine."
496,Home,0.6016734536761279,0.6,"Our Home is elegant and modern, designed for cozy use. It's durable and functional, adding a touch of elegance to your home."
497,Electronics,0.5290423225754168,0.6,"This Electronics item features latest technology design and user-friendly functionality. It's durable and compact, perfect for everyday use."
498,Sports,0.44462002876881623,0.825,"Achieve your best with our professional-grade and comfortable Sports. It's durable and high-performance, perfect for lightweight performance."
499,Electronics,0.7044915820822949,0.65,"This Electronics item features high-performance design and latest technology functionality. It's compact and durable, perfect for everyday use."
500,Books,0.751068700743532,0.125,"Our Books offers a must-read experience with classic insights. It's engaging and informative, ideal for any reader."
